{
  "timestamp": "2025-06-09T16:51:58.105516",
  "selected_games": {
    "Super Mario Bros": true,
    "Sokoban": true,
    "2048": true,
    "Candy Crush": true,
    "Tetris": true,
    "Ace Attorney": true
  },
  "games": {
    "Super Mario Bros": {
      "mean": 1076.1335714285713,
      "std": 675.9315134357137,
      "raw_scores": {
        "11": 1955.0,
        "10": 1434.0,
        "2": 0.0,
        "1": 1430.0,
        "3": 1540.7,
        "12": 1348.3,
        "7": 1991.3,
        "4": 0.0,
        "6": 0.0,
        "13": 986.97,
        "0": 1540.0,
        "5": 1025.3,
        "8": 1028.3,
        "9": 786.0
      }
    },
    "Sokoban": {
      "mean": 0.33285714285714285,
      "std": 0.6401133141444998,
      "raw_scores": {
        "11": 2.0,
        "10": 0.0,
        "2": 0.0,
        "1": 0.0,
        "3": 0.0,
        "12": 1.33,
        "7": 0.0,
        "4": 0.0,
        "6": 0.33,
        "13": 0.0,
        "0": 0.0,
        "5": 1.0,
        "8": 0.0,
        "9": 0.0
      }
    },
    "2048": {
      "mean": 2301.2264285714286,
      "std": 2370.6320575375516,
      "raw_scores": {
        "11": 7220.0,
        "10": 7176.0,
        "2": 3844.0,
        "1": 2624.0,
        "3": 1738.67,
        "12": 1882.67,
        "7": 1113.33,
        "4": 2750.0,
        "6": 2232.0,
        "13": 1228.0,
        "0": 84.0,
        "5": 120.5,
        "8": 176.0,
        "9": 28.0
      }
    },
    "Candy Crush": {
      "mean": 167.24785714285716,
      "std": 163.38517229486945,
      "raw_scores": {
        "11": 106.0,
        "10": 90.0,
        "2": 557.67,
        "1": 126.3,
        "3": 97.7,
        "12": 110.7,
        "7": 101.0,
        "4": 254.0,
        "6": 496.0,
        "13": 116.5,
        "0": 17.0,
        "5": 177.3,
        "8": 59.0,
        "9": 32.3
      }
    },
    "Tetris": {
      "mean": 14.895714285714286,
      "std": 5.091361785923766,
      "raw_scores": {
        "11": 31.0,
        "10": 13.0,
        "2": 13.67,
        "1": 13.0,
        "3": 19.0,
        "12": 15.0,
        "7": 13.0,
        "4": 16.0,
        "6": 13.67,
        "13": 10.2,
        "0": 12.3,
        "5": 12.3,
        "8": 14.7,
        "9": 11.7
      }
    },
    "Ace Attorney": {
      "mean": 2.2135714285714285,
      "std": 2.665565626633512,
      "raw_scores": {
        "11": 8.0,
        "10": 3.0,
        "2": 1.33,
        "1": 3.0,
        "3": 1.0,
        "12": 2.0,
        "7": 0.0,
        "4": 2.33,
        "6": 1.33,
        "13": 0.0,
        "0": 1.0,
        "5": 8.0,
        "8": 0.0,
        "9": 0.0
      }
    }
  },
  "players": {
    "o3-2025-04-16": {
      "organization": "openai",
      "Super Mario Bros_raw": 1955.0,
      "Super Mario Bros_normalized": 74.00689986049966,
      "Sokoban_raw": 2.0,
      "Sokoban_normalized": 100,
      "2048_raw": 7220.0,
      "2048_normalized": 97.24635606089609,
      "Candy Crush_raw": 106.0,
      "Candy Crush_normalized": 23.75396286898298,
      "Tetris_raw": 31.0,
      "Tetris_normalized": 100,
      "Ace Attorney_raw": 8.0,
      "Ace Attorney_normalized": 100
    },
    "o1-2024-12-17": {
      "organization": "openai",
      "Super Mario Bros_raw": 1434.0,
      "Super Mario Bros_normalized": 50.88325539457769,
      "Sokoban_raw": 0.0,
      "Sokoban_normalized": 19.400083446069203,
      "2048_raw": 7176.0,
      "2048_normalized": 96.68954253270516,
      "Candy Crush_raw": 90.0,
      "Candy Crush_normalized": 20.81611977552454,
      "Tetris_raw": 13.0,
      "Tetris_normalized": 23.82981980800055,
      "Ace Attorney_raw": 3.0,
      "Ace Attorney_normalized": 43.85097590812418
    },
    "claude-sonnet-4-20250514": {
      "organization": "anthropic",
      "Super Mario Bros_raw": "n/a",
      "Super Mario Bros_normalized": 0,
      "Sokoban_raw": 0.0,
      "Sokoban_normalized": 19.400083446069203,
      "2048_raw": 3844.0,
      "2048_normalized": 54.52357262515589,
      "Candy Crush_raw": 557.67,
      "Candy Crush_normalized": 100,
      "Tetris_raw": 13.67,
      "Tetris_normalized": 27.777683040892597,
      "Ace Attorney_raw": 1.33,
      "Ace Attorney_normalized": 25.055715532834142
    },
    "claude-3-7-sonnet-20250219": {
      "organization": "anthropic",
      "Super Mario Bros_raw": 1430.0,
      "Super Mario Bros_normalized": 50.705722615568696,
      "Sokoban_raw": 0.0,
      "Sokoban_normalized": 19.400083446069203,
      "2048_raw": 2624.0,
      "2048_normalized": 39.084652070771114,
      "Candy Crush_raw": 126.3,
      "Candy Crush_normalized": 27.48135129380838,
      "Tetris_raw": 13.0,
      "Tetris_normalized": 23.82981980800055,
      "Ace Attorney_raw": 3.0,
      "Ace Attorney_normalized": 43.85097590812418
    },
    "gemini-2.5-flash-preview-04-17": {
      "organization": "google",
      "Super Mario Bros_raw": 1540.7,
      "Super Mario Bros_normalized": 55.618942274642706,
      "Sokoban_raw": 0.0,
      "Sokoban_normalized": 19.400083446069203,
      "2048_raw": 1738.67,
      "2048_normalized": 27.880931140923998,
      "Candy Crush_raw": 97.7,
      "Candy Crush_normalized": 22.229956764251416,
      "Tetris_raw": 19.0,
      "Tetris_normalized": 59.183818908526305,
      "Ace Attorney_raw": 1.0,
      "Ace Attorney_normalized": 21.341682045501386
    },
    "o4-mini-2025-04-16": {
      "organization": "openai",
      "Super Mario Bros_raw": 1348.3,
      "Super Mario Bros_normalized": 47.07961560430991,
      "Sokoban_raw": 1.33,
      "Sokoban_normalized": 81.73279723023046,
      "2048_raw": 1882.67,
      "2048_normalized": 29.70322996045794,
      "Candy Crush_raw": 110.7,
      "Candy Crush_normalized": 24.616954277686403,
      "Tetris_raw": 15.0,
      "Tetris_normalized": 35.61448617484247,
      "Ace Attorney_raw": 2.0,
      "Ace Attorney_normalized": 32.59632897681278
    },
    "gpt-4.1-2025-04-14": {
      "organization": "openai",
      "Super Mario Bros_raw": 1991.3,
      "Super Mario Bros_normalized": 75.61800983000632,
      "Sokoban_raw": 0.0,
      "Sokoban_normalized": 19.400083446069203,
      "2048_raw": 1113.33,
      "2048_normalized": 19.967345420039585,
      "Candy Crush_raw": 101.0,
      "Candy Crush_normalized": 22.835886902277217,
      "Tetris_raw": 13.0,
      "Tetris_normalized": 23.82981980800055,
      "Ace Attorney_raw": 0.0,
      "Ace Attorney_normalized": 10.087035114189984
    },
    "gemini-2.5-flash-preview-05-20": {
      "organization": "google",
      "Super Mario Bros_raw": "n/a",
      "Super Mario Bros_normalized": 0,
      "Sokoban_raw": 0.0,
      "Sokoban_normalized": 19.400083446069203,
      "2048_raw": 2750.0,
      "2048_normalized": 40.67916353786331,
      "Candy Crush_raw": 254.0,
      "Candy Crush_normalized": 50.92901148347359,
      "Tetris_raw": 16.0,
      "Tetris_normalized": 41.50681935826343,
      "Ace Attorney_raw": 2.33,
      "Ace Attorney_normalized": 36.31036246414554
    },
    "gemini-2.5-pro-preview-06-05": {
      "organization": "google",
      "Super Mario Bros_raw": "n/a",
      "Super Mario Bros_normalized": 0,
      "Sokoban_raw": 0.33,
      "Sokoban_normalized": 34.86609513687613,
      "2048_raw": 2232.0,
      "2048_normalized": 34.12394972870649,
      "Candy Crush_raw": 496.0,
      "Candy Crush_normalized": 95.36388827203254,
      "Tetris_raw": 13.67,
      "Tetris_normalized": 27.777683040892597,
      "Ace Attorney_raw": 1.33,
      "Ace Attorney_normalized": 25.055715532834142
    },
    "random (x30)": {
      "organization": "unknown",
      "Super Mario Bros_raw": 986.97,
      "Super Mario Bros_normalized": 31.04263584447962,
      "Sokoban_raw": 0.0,
      "Sokoban_normalized": 19.400083446069203,
      "2048_raw": 1228.0,
      "2048_normalized": 21.418477403622617,
      "Candy Crush_raw": 116.5,
      "Candy Crush_normalized": 25.681922399065087,
      "Tetris_raw": 10.2,
      "Tetris_normalized": 7.331286894421865,
      "Ace Attorney_raw": 0.0,