{
  "timestamp": "2025-06-09T16:55:10.043447",
  "selected_games": {
    "Super Mario Bros": true,
    "Sokoban": true,
    "2048": true,
    "Candy Crush": true,
    "Tetris": true,
    "Ace Attorney": true
  },
  "games": {
    "Super Mario Bros": {
      "mean": 944.5773684210527,
      "std": 982.3478572381922,
      "raw_scores": {
        "15": 3445.0,
        "13": 855.0,
        "16": 1448.0,
        "8": 1498.3,
        "1": 1418.7,
        "11": 0.0,
        "9": 2126.3,
        "10": 2047.3,
        "5": 0.0,
        "3": 0.0,
        "2": 0.0,
        "6": 1385.0,
        "0": 1267.7,
        "12": 1468.7,
        "14": 0.0,
        "17": 0.0,
        "4": 0.0,
        "18": 986.97,
        "7": 0.0
      }
    },
    "Sokoban": {
      "mean": 2.437894736842105,
      "std": 2.354731829381871,
      "raw_scores": {
        "15": 8.0,
        "13": 2.33,
        "16": 5.33,
        "8": 4.33,
        "1": 2.33,
        "11": 5.67,
        "9": 0.0,
        "10": 0.0,
        "5": 4.67,
        "3": 3.0,
        "2": 4.0,
        "6": 1.67,
        "0": 0.0,
        "12": 0.0,
        "14": 1.33,
        "17": 2.33,
        "4": 1.33,
        "18": 0.0,
        "7": 0.0
      }
    },
    "2048": {
      "mean": 2914.7015789473685,
      "std": 1889.870554506793,
      "raw_scores": {
        "15": 7120.0,
        "13": 7580.0,
        "16": 4432.0,
        "8": 3586.67,
        "1": 2624.0,
        "11": 4036.0,
        "9": 1656.0,
        "10": 1656.0,
        "5": 3330.0,
        "3": 3136.0,
        "2": 3036.0,
        "6": 1697.33,
        "0": 1914.67,
        "12": 1586.67,
        "14": 2757.33,
        "17": 2144.0,
        "4": 1873.33,
        "18": 1213.33,
        "7": 0.0
      }
    },
    "Candy Crush": {
      "mean": 302.91736842105263,
      "std": 188.33356149962887,
      "raw_scores": {
        "15": 647.0,
        "13": 159.0,
        "16": 487.3,
        "8": 416.3,
        "1": 484.0,
        "11": 254.0,
        "9": 182.0,
        "10": 147.3,
        "5": 491.67,
        "3": 478.33,
        "2": 464.0,
        "6": 334.7,
        "0": 106.0,
        "12": 128.7,
        "14": 48.0,
        "17": 363.33,
        "4": 447.3,
        "18": 116.5,
        "7": 0.0
      }
    },
    "Tetris": {
      "mean": 18.582631578947368,
      "std": 9.974626053756637,
      "raw_scores": {
        "15": 42.0,
        "13": 35.0,
        "16": 25.3,
        "8": 23.3,
        "1": 16.3,
        "11": 21.3,
        "9": 13.7,
        "10": 14.0,
        "5": 33.67,
        "3": 19.33,
        "2": 20.0,
        "6": 16.3,
        "0": 14.7,
        "12": 10.3,
        "14": 11.7,
        "17": 11.67,
        "4": 14.3,
        "18": 10.2,
        "7": 0.0
      }
    },
    "Ace Attorney": {
      "mean": 3.789473684210526,
      "std": 4.974243073277259,
      "raw_scores": {
        "15": 16.0,
        "13": 16.0,
        "16": 4.0,
        "8": 7.0,
        "1": 7.0,
        "11": 0.0,
        "9": 2.0,
        "10": 0.0,
        "5": 0.0,
        "3": 3.67,
        "2": 6.0,
        "6": 4.0,
        "0": 2.0,
        "12": 0.0,
        "14": 0.0,
        "17": 0.0,
        "4": 0.0,
        "18": 0.0,
        "7": 4.33
      }
    }
  },
  "players": {
    "gamingagent + o3-2025-04-16": {
      "organization": "openai",
      "Super Mario Bros_raw": 3445.0,
      "Super Mario Bros_normalized": 100,
      "Sokoban_raw": 8.0,
      "Sokoban_normalized": 100,
      "2048_raw": 7120.0,
      "2048_normalized": 100,
      "Candy Crush_raw": 647.0,
      "Candy Crush_normalized": 89.80955632747785,
      "Tetris_raw": 42.0,
      "Tetris_normalized": 100,
      "Ace Attorney_raw": 16.0,
      "Ace Attorney_normalized": 100
    },
    "gamingagent + o1-2024-12-17": {
      "organization": "openai",
      "Super Mario Bros_raw": 855.0,
      "Super Mario Bros_normalized": 32.26438956136494,
      "Sokoban_raw": 2.33,
      "Sokoban_normalized": 33.62538822261011,
      "2048_raw": 7580.0,
      "2048_normalized": 100,
      "Candy Crush_raw": 159.0,
      "Candy Crush_normalized": 12.07513722858107,
      "Tetris_raw": 35.0,
      "Tetris_normalized": 84.37739520030287,
      "Ace Attorney_raw": 16.0,
      "Ace Attorney_normalized": 100
    },
    "gamingagent + o4-mini-2025-04-16": {
      "organization": "openai",
      "Super Mario Bros_raw": 1448.0,
      "Super Mario Bros_normalized": 50.37406412208057,
      "Sokoban_raw": 5.33,
      "Sokoban_normalized": 71.84630105735337,
      "2048_raw": 4432.0,
      "2048_normalized": 59.08575154686095,
      "Candy Crush_raw": 487.3,
      "Candy Crush_normalized": 64.37064909367905,
      "Tetris_raw": 25.3,
      "Tetris_normalized": 55.20336918351764,
      "Ace Attorney_raw": 4.0,
      "Ace Attorney_normalized": 36.26969860150463
    },
    "gamingagent + gemini-2.5-pro-preview-05-06": {
      "organization": "google",
      "Super Mario Bros_raw": 1498.3,
      "Super Mario Bros_normalized": 51.91017985632003,
      "Sokoban_raw": 4.33,
      "Sokoban_normalized": 59.10599677910562,
      "2048_raw": 3586.67,
      "2048_normalized": 45.666895985815245,
      "Candy Crush_raw": 416.3,
      "Candy Crush_normalized": 53.06092828215923,
      "Tetris_raw": 23.3,
      "Tetris_normalized": 49.188106087273255,
      "Ace Attorney_raw": 7.0,
      "Ace Attorney_normalized": 54.36290367294555
    },
    "gamingagent + claude-3-7-sonnet-20250219": {
      "organization": "anthropic",
      "Super Mario Bros_raw": 1418.7,
      "Super Mario Bros_normalized": 49.47926907211604,
      "Sokoban_raw": 2.33,
      "Sokoban_normalized": 33.62538822261011,
      "2048_raw": 2624.0,
      "2048_normalized": 30.385373168747517,
      "Candy Crush_raw": 484.0,
      "Candy Crush_normalized": 63.844986013707,
      "Tetris_raw": 16.3,
      "Tetris_normalized": 28.13468525041793,
      "Ace Attorney_raw": 7.0,
      "Ace Attorney_normalized": 54.36290367294555
    },
    "gamingagent + grok-3-mini-beta": {
      "organization": "xai",
      "Super Mario Bros_raw": "n/a",
      "Super Mario Bros_normalized": 0,
      "Sokoban_raw": 5.67,
      "Sokoban_normalized": 76.1780045119576,
      "2048_raw": 4036.0,
      "2048_normalized": 52.79960672510602,
      "Candy Crush_raw": 254.0,
      "Candy Crush_normalized": 27.20786225807942,
      "Tetris_raw": 21.3,
      "Tetris_normalized": 43.17284299102888,
      "Ace Attorney_raw": 0.0,
      "Ace Attorney_normalized": 12.145425172916731
    },
    "gamingagent + gpt-4.1-2025-04-14": {
      "organization": "openai",
      "Super Mario Bros_raw": 2126.3,
      "Super Mario Bros_normalized": 71.08872222416053,
      "Sokoban_raw": 0.0,
      "Sokoban_normalized": 3.9404792542928533,
      "2048_raw": 1656.0,
      "2048_normalized": 15.01924138223546,
      "Candy Crush_raw": 182.0,
      "Candy Crush_normalized": 15.73884960414383,
      "Tetris_raw": 13.7,
      "Tetris_normalized": 20.314843225300237,
      "Ace Attorney_raw": 2.0,
      "Ace Attorney_normalized": 24.207561887210677
    },
    "gamingagent + gpt-4o-2024-11-20": {
      "organization": "openai",
      "Super Mario Bros_raw": 2047.3,
      "Super Mario Bros_normalized": 68.67613488807868,
      "Sokoban_raw": 0.0,
      "Sokoban_normalized": 3.9404792542928533,
      "2048_raw": 1656.0,
      "2048_normalized": 15.01924138223546,
      "Candy Crush_raw": 147.3,
      "Candy Crush_normalized": 10.21142267231654,
      "Tetris_raw": 14.0,
      "Tetris_normalized": 21.217132689736896,
      "Ace Attorney_raw": 0.0,
      "Ace Attorney_normalized": 12.145425172916731
    },
    "gamingagent + deepseek-r1-0528": {
      "organization": "deepseek",
      "Super Mario Bros_raw": "n/a",
      "Super Mario Bros_normalized": 0,
      "Sokoban_raw": 4.67,
      "Sokoban_normalized": 63.43770023370985,
      "2048_raw": 3330.0,
      "2048_normalized": 41.59248994692676,
      "Candy Crush_raw": 491.67,
      "Candy Crush_normalized": 65.06675444503597,
      "Tetris_raw": 33.67,